Variable,ERROR
1.4665687024092717,-512.0
-0.28255119755520636,-511.0
-1.740024738595541,-510.0
3.0831869933318434,-509.0
0.40883923779054715,-508.0
-0.576190067365371,-507.0
-1.073873836000108,-506.0
1.2837572354832385,-505.0
-0.43299492175284426,-504.0
1.6629497450736292,-503.0
2.8484208608678268,-502.0
-3.4127216138365015,-501.0
-0.633208110483189,-500.0
-2.2238702720228893,-499.0
1.042861310819039,-498.0
2.0498507270720085,-497.0
2.4166425426000067,-496.0
0.3427163556791194,-495.0
0.4490418395148205,-494.0
3.926478002903328,-493.0
2.5346417666137624,-492.0
-2.8371271813957404,-491.0
-2.1265855209946714,-490.0
-1.6650601963204759,-489.0
3.0847206866616177,-488.0
-2.8761612307312774,-487.0
-3.0588752208106746,-486.0
-1.5964762720667527,-485.0
1.8281111419089082,-484.0
-0.9838270385963038,-483.0
1.8475520310062887,-482.0
-1.1447552395927973,-481.0
-1.7391886133242136,-480.0
-0.40242589812980284,-479.0
-2.454501155017819,-478.0
3.5212151553356774,-477.0
1.3319146864681106,-476.0
3.0974610705119683,-475.0
-1.5059995567302393,-474.0
1.3494244171554375,-473.0
4.008852665043334,-472.0
-0.23374605790334854,-471.0
-2.255598032700774,-470.0
-1.116688834460642,-469.0
-1.2329012302923066,-468.0
-3.936400915130778,-467.0
-1.4503433750899184,-466.0
-0.12028357286975683,-465.0
-5.120102147265792,-464.0
-2.0351608888178725,-463.0
3.1810395457757585,-462.0
-0.7082803921516982,-461.0
0.39843599271787206,-460.0
6.7465989720234045,-459.0
-1.5807040173649902,-458.0
0.7195731300613607,-457.0
0.8007493606547906,-456.0
0.8012327461507299,-455.0
2.5365900826119057,-454.0
5.142038357166104,-453.0
3.1674300002204454,-452.0
0.26984730267447526,-451.0
-1.1045546461187499,-450.0
2.5888731989056226,-449.0
-3.530264655873609,-448.0
4.485524474027114,-447.0
-0.9768429563940463,-446.0
1.163897623863798,-445.0
0.9427751268883431,-444.0
0.7473171798046581,-443.0
-2.345468598515218,-442.0
-0.44821551622420347,-441.0
-1.1188012910688343,-440.0
0.29670214508816206,-439.0
3.1563912573494406,-438.0
5.060489774402696,-437.0
3.223867279785686,-436.0
-1.79406995738399,-435.0
0.1945964159574994,-434.0
-1.5552402541069257,-433.0
0.5038682053225043,-432.0
-3.2911782739847144,-431.0
0.7701298700041344,-430.0
0.05562812494665976,-429.0
-1.3316145027998865,-428.0
1.0654200973752104,-427.0
2.0807738687009065,-426.0
-1.672301039323567,-425.0
3.391620998187884,-424.0
0.2107443910637368,-423.0
1.242665061719677,-422.0
2.0223556345091906,-421.0
-1.772019816663811,-420.0
4.9183170904878635,-419.0
1.9629627057493075,-418.0
1.5535453870690763,-417.0
-1.6855503336764635,-416.0
-1.6951249318367063,-415.0
-0.1306642354369325,-414.0
-2.4919434651938905,-413.0
-1.864025815696724,-412.0
-2.1115241918924017,-411.0
-2.087846136151235,-410.0
1.2408676724124723,-409.0
0.6853081968816845,-408.0
-0.06162374938230756,-407.0
-2.190455959980108,-406.0
-1.7841368295190767,-405.0
0.008993143958876366,-404.0
1.1562230637166706,-403.0
1.0917088720163968,-402.0
2.7704818125509494,-401.0
2.3866252705729654,-400.0
-0.26619481402699086,-399.0
1.2452234190612452,-398.0
2.146782550804203,-397.0
-2.933204667294291,-396.0
0.9719078244226542,-395.0
0.5791812363310174,-394.0
1.3526091560065816,-393.0
1.984332408090302,-392.0
0.6854161393027774,-391.0
-0.5212286132318299,-390.0
-0.31292496859267077,-389.0
-2.9760093685090614,-388.0
-3.178123779436318,-387.0
-3.6009200297773205,-386.0
2.3193895445102486,-385.0
-0.8595488178485002,-384.0
2.2001702084074806,-383.0
3.539269261904839,-382.0
-1.047501430476178,-381.0
1.9974321894544271,-380.0
-0.5180120557018851,-379.0
-0.9554624240594461,-378.0
0.8210699978108573,-377.0
2.611319015391128,-376.0
-1.5052851179367779,-375.0
1.566514285509583,-374.0
0.7421486891303961,-373.0
-1.1760379684119258,-372.0
2.3143678771420944,-371.0
-2.7981321519077116,-370.0
0.316396536386864,-369.0
1.2731669986671625,-368.0
-1.812010235427732,-367.0
-0.31584392738710415,-366.0
2.1388310987393697,-365.0
-1.208933253317461,-364.0
-3.1641019388420504,-363.0
0.48118708811267286,-362.0
-1.2409112980415014,-361.0
0.481156727682417,-360.0
1.0458093491685854,-359.0
-0.4429481428855487,-358.0
-2.62405601550228,-357.0
0.8852797090088854,-356.0
2.8794798689513468,-355.0
-2.406794736628809,-354.0
0.635367869869035,-353.0
3.2845211453218415,-352.0
-3.0329781425557663,-351.0
-2.5389570810812145,-350.0
-0.9740870442283706,-349.0
3.28029048683498,-348.0
-2.650416485187033,-347.0
-2.558244080147109,-346.0
-2.4176303534137906,-345.0
1.7845031742006823,-344.0
0.6153332650566244,-343.0
1.5626040821642095,-342.0
-0.5317118439905174,-341.0
5.168248480732262,-340.0
-2.83258349213583,-339.0
-0.9455157530842355,-338.0
-1.0926331941595695,-337.0
1.653475017513645,-336.0
-2.5606378643991303,-335.0
3.8639185675237,-334.0
3.1399907542633736,-333.0
-1.5414556449902588,-332.0
-4.238529111732404,-331.0
-2.985511518893581,-330.0
0.7302338169270767,-329.0
0.6761343080826707,-328.0
0.9334379566508745,-327.0
1.1612346970685352,-326.0
-2.160588377343593,-325.0
0.02602727269782563,-324.0
1.029354223534446,-323.0
0.8044034198658683,-322.0
-0.6409766048709098,-321.0
-2.1322781464133795,-320.0
-2.880476352578233,-319.0
-0.16224449327333487,-318.0
-0.7944281107012328,-317.0
-2.369761401928476,-316.0
2.6472871333544474,-315.0
2.3557282411689213,-314.0
-0.9408899645836019,-313.0
0.23709538595247076,-312.0
-0.8429917377958669,-311.0
-0.30369285454833417,-310.0
-2.068381622049715,-309.0
-0.47203392019055757,-308.0
4.833977192570392,-307.0
-0.4051309361711109,-306.0
-2.323507289476714,-305.0
-3.2975466214983427,-304.0
0.05734689346851005,-303.0
2.1455069100396003,-302.0
-1.602241066466068,-301.0
-2.6055721268980117,-300.0
-1.4896814109170629,-299.0
-1.9156672496044438,-298.0
2.7161770846037188,-297.0
-2.73982751462619,-296.0
0.7963219474831411,-295.0
0.46611475239722655,-294.0
0.9504081497329945,-293.0
-0.6666963913472023,-292.0
1.4158183168181266,-291.0
4.654761153505636,-290.0
0.8762180166264846,-289.0
1.2465734164437874,-288.0
-3.0910377865053134,-287.0
1.282271271563532,-286.0
-0.2583879440756824,-285.0
3.2207480439318226,-284.0
1.3300915807732328,-283.0
4.4582783480321035,-282.0
-0.9997179840170194,-281.0
-1.693088303965388,-280.0
-1.1614604872946068,-279.0
-4.896111370261975,-278.0
-0.2135895783452878,-277.0
-2.7258344948122453,-276.0
-0.5018592360838682,-275.0
1.1078680088187736,-274.0
-2.1805917645145705,-273.0
-1.0752566999956337,-272.0
1.2086026833677033,-271.0
-0.9391524631009612,-270.0
3.414210629785878,-269.0
-0.4959505370856674,-268.0
1.1369396667212062,-267.0
1.5374258531444818,-266.0
-0.9648823221461421,-265.0
2.0632284638604803,-264.0
3.578974978068812,-263.0
-1.775738865261032,-262.0
-3.7384150483619694,-261.0
-0.2820562201894615,-260.0
3.3203726926841086,-259.0
0.8139671997737195,-258.0
-0.04988993179892343,-257.0
-0.4817953842492921,-256.0
-1.1243597873596156,-255.0
-2.088353463477013,-254.0
1.5623374650655097,-253.0
-1.4719749507031374,-252.0
1.0959552802730221,-251.0
2.645943850142056,-250.0
0.004508719109889056,-249.0
3.0321864165989694,-248.0
2.0671688723028305,-247.0
-3.230778858060458,-246.0
0.23043254973477967,-245.0
0.8140408388787617,-244.0
-0.16706790123806098,-243.0
2.105303179280401,-242.0
-1.7358792818807744,-241.0
2.01039293811982,-240.0
-1.7492142124464647,-239.0
0.06210267595808752,-238.0
-0.3115684511212257,-237.0
-1.5374547705848312,-236.0
-0.0078001540577707,-235.0
-3.1304909656703113,-234.0
-0.21960431645987988,-233.0
0.8177911627528822,-232.0
1.7395602160555648,-231.0
0.2600462461241169,-230.0
1.1761810716772123,-229.0
-0.9755046739420392,-228.0
-1.1658133293399924,-227.0
-1.8573802112501923,-226.0
-0.20534433371253966,-225.0
-0.31297314803344567,-224.0
-0.5869875758268664,-223.0
-2.823960965649508,-222.0
-2.8823990104802815,-221.0
-0.1028848661183642,-220.0
-1.4289515243374584,-219.0
-3.5845002714397403,-218.0
1.8480719480944874,-217.0
-0.3835093124199565,-216.0
0.633270905743439,-215.0
-0.9804512655170475,-214.0
0.009715222673609995,-213.0
1.6550023518629529,-212.0
-0.43637475892506083,-211.0
3.108480700474243,-210.0
2.720500886692344,-209.0
-1.728871204991438,-208.0
0.7813428032720092,-207.0
1.1672618328059747,-206.0
-0.0380207634665673,-205.0
-3.486943968627532,-204.0
-1.911904593146095,-203.0
0.019230042463111646,-202.0
2.0193190306890965,-201.0
-0.7379821323007346,-200.0
0.8614931055648734,-199.0
0.39021050679787805,-198.0
-1.8247882893702985,-197.0
0.34982651436192497,-196.0
0.44485814781962774,-195.0
-3.27697180215525,-194.0
0.9893791453164605,-193.0
-1.237462704389843,-192.0
1.7297555619425875,-191.0
-2.5004888453005436,-190.0
2.497460570595986,-189.0
0.10083612202600037,-188.0
-3.8185391894561653,-187.0
0.24414708808141883,-186.0
-0.7181230178204181,-185.0
-2.2349425189615717,-184.0
2.1185221877793934,-183.0
-3.932991745652508,-182.0
3.9375172478457023,-181.0
0.05794075325463819,-180.0
-0.36214950212151487,-179.0
-1.7078654682792382,-178.0
-1.7907210702063898,-177.0
1.269880927327051,-176.0
-0.10587408806156748,-175.0
-0.05651876092050046,-174.0
-0.3130040269767632,-173.0
0.8792578181300006,-172.0
0.6434343909569238,-171.0
2.6376071731310167,-170.0
-1.891253943942653,-169.0
2.0450292884394137,-168.0
0.16985463203603826,-167.0
-0.2784547046310376,-166.0
0.8613015864513074,-165.0
1.7224067799533713,-164.0
-2.3687663188789116,-163.0
-0.3561963723882537,-162.0
2.8564507458389525,-161.0
0.04766548233662832,-160.0
5.566505484666616,-159.0
-0.20218789449878755,-158.0
0.11477823623588387,-157.0
3.2507477609325797,-156.0
0.8452007239199398,-155.0
1.59933567712747,-154.0
1.273654651220162,-153.0
1.3430471305835763,-152.0
-1.3374558279675055,-151.0
1.8355877011444133,-150.0
2.2385207195030983,-149.0
2.239564449311774,-148.0
-1.7056861794182177,-147.0
3.96096641766988,-146.0
-0.3066940496648441,-145.0
-2.2580217759143264,-144.0
-1.0926416713824978,-143.0
0.7159171013963553,-142.0
2.6945587850455697,-141.0
3.6073990101182574,-140.0
-3.2253573293540465,-139.0
1.1336545007138539,-138.0
1.8438769386715594,-137.0
2.0228301019019175,-136.0
0.8813865778813466,-135.0
-3.8398118886408823,-134.0
-1.4114749739876544,-133.0
0.7084059834083338,-132.0
-3.2915600179153546,-131.0
-1.858377728948368,-130.0
1.2985692040495762,-129.0
-4.04236073414663,-128.0
-1.7917682066321312,-127.0
-0.718983228110309,-126.0
3.1045430861060277,-125.0
1.4427615906017208,-124.0
0.30942857438677995,-123.0
-1.234867651875165,-122.0
0.2091549707184645,-121.0
-0.8147202946282552,-120.0
-0.8888648203846505,-119.0
1.3011026544060704,-118.0
1.627548640852204,-117.0
0.7711667974163134,-116.0
0.7091750537848778,-115.0
0.9477545980768453,-114.0
1.514452367310987,-113.0
-1.8201562296740939,-112.0
4.955170357053156,-111.0
1.163159492163952,-110.0
-0.4979778617713584,-109.0
0.6108289987728017,-108.0
0.4222931427523506,-107.0
-0.5329829444122943,-106.0
-0.7896201628083309,-105.0
0.5502920138168484,-104.0
-2.5582181318154347,-103.0
-0.9986495828753676,-102.0
-3.2317069208044087,-101.0
-3.005780549629153,-100.0
0.2735051685802205,-99.0
0.6811327702520212,-98.0
-2.745172272463801,-97.0
1.4712743027517998,-96.0
0.49625147308309886,-95.0
-0.48340021571143427,-94.0
-3.38753791612546,-93.0
0.9144665742174249,-92.0
0.43652075571640725,-91.0
-0.7868803671438334,-90.0
-3.077448145055181,-89.0
-1.8639458602646186,-88.0
-2.2636644360146305,-87.0
-1.321293991928892,-86.0
4.126913845512905,-85.0
-2.862331741212128,-84.0
0.03249663461348328,-83.0
-1.424991273186377,-82.0
-2.5539314579385235,-81.0
0.15808587744553898,-80.0
-1.0309903358565344,-79.0
-1.2469450620287856,-78.0
-0.6135716704913416,-77.0
0.40270411015591157,-76.0
-0.15207390799486292,-75.0
3.3764259879616296,-74.0
0.10602201247458366,-73.0
2.2057220238693884,-72.0
0.062041378415152997,-71.0
-0.8084579795177251,-70.0
-2.0850566934502486,-69.0
1.6729853396897665,-68.0
4.971597052510615,-67.0
1.2078408253596582,-66.0
2.804029338337611,-65.0
2.1585764483610204,-64.0
-0.004740038490633904,-63.0
-1.086115697771609,-62.0
0.5960565806098518,-61.0
0.9869916428252692,-60.0
-0.565668108977934,-59.0
1.8068391700012227,-58.0
1.1612377794629172,-57.0
0.5408360283569219,-56.0
1.3644575911765162,-55.0
-1.4886274884082493,-54.0
0.205226794452324,-53.0
2.138636995029129,-52.0
-0.33253018740241047,-51.0
-6.05101930343812,-50.0
-1.0370865026312401,-49.0
-4.173842970811404,-48.0
0.896641886341716,-47.0
-2.9093053796666837,-46.0
-1.074434374577924,-45.0
-1.6089497105468347,-44.0
2.324680852352105,-43.0
-0.04739620200957813,-42.0
-2.3116018721265346,-41.0
2.314434288583195,-40.0
-2.4006487798408407,-39.0
-2.4934622233444244,-38.0
-0.4335219548942386,-37.0
-3.7164321572391152,-36.0
-0.33337200215814794,-35.0
0.340369199407265,-34.0
-0.41310493882624755,-33.0
1.5586413326627533,-32.0
-0.6670246389759148,-31.0
1.6893066176037732,-30.0
1.456294824249052,-29.0
1.0582646256043182,-28.0
4.55730233601359,-27.0
-0.5165644182445859,-26.0
2.334977408128416,-25.0
-2.556728941534555,-24.0
3.1088472695109375,-23.0
-3.416097436959365,-22.0
-0.030686297275220233,-21.0
-0.05960487348440653,-20.0
-0.4923146573301126,-19.0
-2.610401328439957,-18.0
-4.744838776221884,-17.0
-0.9916926683665438,-16.0
0.8562480866385395,-15.0
0.29809533369169783,-14.0
1.7592672543872134,-13.0
-3.878331457685025,-12.0
2.4585848716855727,-11.0
-0.7967943964758413,-10.0
-0.5926687951020242,-9.0
0.15294666027595372,-8.0
0.4725890480104828,-7.0
-3.5691871468639587,-6.0
-1.3634889236504928,-5.0
-0.6820424496684462,-4.0
1.4954269973156677,-3.0
2.6716999993785233,-2.0
0.10030151678805953,-1.0
1.1642141379435886,0.0
-0.45103849606655383,1.0
-1.8946207950635872,2.0
-0.8384351700214071,3.0
1.777882526189015,4.0
4.032621443964194,5.0
-0.06274522751512035,6.0
1.1831707029881389,7.0
-0.39606218447596286,8.0
-0.6498497908002007,9.0
3.0187932073820223,10.0
0.2897713856178813,11.0
0.5814444492842695,12.0
2.2772237433943516,13.0
1.823910496144983,14.0
2.735026148063231,15.0
1.9939500555888534,16.0
-0.5843205026228756,17.0
1.2039009859194445,18.0
-0.6371038481523342,19.0
-0.4545294107991018,20.0
2.353602631092927,21.0
0.10643684618198858,22.0
0.5262859231066782,23.0
-0.07408846790272702,24.0
-5.640172948627842,25.0
1.9946250692678587,26.0
0.4681078806852425,27.0
-0.3471936350634692,28.0
-2.0977367762094987,29.0
-0.631421042358426,30.0
-0.13687359830109797,31.0
-0.38073334416056326,32.0
2.3060999282660286,33.0
-0.8627551679983946,34.0
-0.02235061513725925,35.0
4.868432874368115,36.0
1.5643678892197224,37.0
-0.5328294493088466,38.0
-1.6848482110795138,39.0
1.3587290307434365,40.0
2.2835026424656784,41.0
4.468839064080251,42.0
0.8587296725268093,43.0
1.446420947065626,44.0
-0.43394502390929846,45.0
-0.1330244190780316,46.0
0.34939098589177675,47.0
1.600274021781628,48.0
-0.269359239911409,49.0
-2.8713100013217305,50.0
-1.034040532581848,51.0
0.35609097658434935,52.0
1.1468355522256501,53.0
-2.529751385414463,54.0
2.933548684736655,55.0
1.452105525929387,56.0
-0.2536017893153881,57.0
-1.615485562173036,58.0
-0.05595435134641964,59.0
-1.4612124323243871,60.0
-0.5445930798857872,61.0
0.15249136448383788,62.0
-0.9196972187683551,63.0
0.04917766491232617,64.0
1.4018155822272254,65.0
1.44114396492237,66.0
3.5757396622215576,67.0
-4.342970517414371,68.0
2.687595540827768,69.0
-1.3606966032071788,70.0
-0.9471266999265722,71.0
-1.2137765808834635,72.0
-0.615709659458524,73.0
1.5081622807416826,74.0
-0.6502346961758452,75.0
1.4054968650598547,76.0
-1.366755444116362,77.0
0.8943874878599934,78.0
-5.507932796723352,79.0
1.3617533989436867,80.0
1.3035803851222967,81.0
-0.7013318567615148,82.0
-3.3021057628100747,83.0
-1.6676961002046475,84.0
2.7493508405468976,85.0
0.7040528848518142,86.0
-1.8024408992497936,87.0
0.34659449221791616,88.0
-1.0961640935654506,89.0
4.521336070255871,90.0
-0.17755027739705262,91.0
-2.384311764039616,92.0
-2.5069596758858306,93.0
-4.037331560315125,94.0
3.7382481003190082,95.0
1.7552049857916754,96.0
1.183267222242407,97.0
-0.7862067257628487,98.0
1.5983582297601653,99.0
-0.87863307677259,100.0
1.7994137540528163,101.0
2.044674275582911,102.0
0.6840699348048905,103.0
1.6776526377818235,104.0
4.367788508326688,105.0
1.8188211303389947,106.0
-1.2452993286850103,107.0
3.2474957702987095,108.0
-1.853681760196269,109.0
1.7030387072151236,110.0
-1.4841699312949732,111.0
-5.684135418676089,112.0
3.3609254728475517,113.0
-2.9041406928200684,114.0
2.136589149646766,115.0
-2.3028200888545958,116.0
0.258475139038092,117.0
-2.3904038015092506,118.0
1.285562167455253,119.0
2.4734375786055347,120.0
0.10917264064061143,121.0
1.437435858932905,122.0
-2.9849392310770004,123.0
-2.3573057991492044,124.0
-2.047975837523712,125.0
1.2167851656740911,126.0
-1.6874666673090777,127.0
-1.2362480497196147,128.0
0.7983909553659574,129.0
-1.6943180897207057,130.0
0.7277301673731383,131.0
0.6291160334995543,132.0
-1.502652030513211,133.0
0.9184126807868129,134.0
-1.3723212961427615,135.0
-0.951026280293948,136.0
-0.06070709607937269,137.0
0.5771893836105164,138.0
0.4072165216264622,139.0
-3.537002158371736,140.0
-0.06576860637361563,141.0
-0.24360906913771604,142.0
-0.539153988540679,143.0
1.7044642502820173,144.0
-0.07854622444229202,145.0
3.3915075615864434,146.0
-0.4095932626411431,147.0
2.5655349044351916,148.0
-0.964591474668616,149.0
1.516131418841274,150.0
-0.6852764841716565,151.0
0.1312792991271738,152.0
3.4051157099098224,153.0
1.503139898250616,154.0
-2.480783470734338,155.0
0.04724806123027411,156.0
-1.6789194328253847,157.0
-0.051652458618590115,158.0
0.8559163637317898,159.0
3.8240683994172993,160.0
1.2765888752285803,161.0
-2.3561695042592556,162.0
-1.3887287312225964,163.0
-0.6685769270983934,164.0
1.782158741781566,165.0
1.470594053748789,166.0
-0.4083668903613399,167.0
2.7801514208864098,168.0
-1.063549720573679,169.0
1.6812864991193797,170.0
-0.144640841411831,171.0
-0.20426857116991398,172.0
-1.8575508606818738,173.0
2.189463855587597,174.0
-0.1847647640430808,175.0
3.3390913498764325,176.0
2.3271583466041377,177.0
1.4736884223957931,178.0
1.9309538973013805,179.0
-3.948970205824811,180.0
-3.455315846481066,181.0
-0.5538427938702869,182.0
-0.14748173474959908,183.0
-3.2864745967818907,184.0
-1.5636172772696983,185.0
1.4801955739957657,186.0
0.8177821356975795,187.0
1.2707606672796292,188.0
-1.4357612011140704,189.0
-1.9478015303561929,190.0
-1.4355258360891494,191.0
-0.4291420785804242,192.0
-0.5203355252980478,193.0
-2.297592741123701,194.0
0.12295621107229505,195.0
-0.4451860348067489,196.0
0.46371788003575953,197.0
0.8134943830083736,198.0
-1.299643226961139,199.0
-4.382293811313663,200.0
-1.2371287718490545,201.0
2.231267452634159,202.0
-1.7949478592807355,203.0
1.7466218311094823,204.0
0.7593306030278253,205.0
-1.6979566132688109,206.0
-1.9652478244779943,207.0
-0.2503543678684999,208.0
-1.947947181521285,209.0
1.8799864270575908,210.0
0.5732734423573057,211.0
1.8708704105545964,212.0
0.4444738940998329,213.0
3.770389112769888,214.0
-0.5073898432949817,215.0
-0.4587852335329546,216.0
0.8984968548605717,217.0
1.050526006250833,218.0
-1.217668207739543,219.0
2.6447545483588666,220.0
1.9648014990874152,221.0
1.2476530983091312,222.0
0.5692504878498788,223.0
-0.29193760228400367,224.0
-0.06306329679293635,225.0
-0.6392306452062525,226.0
-0.17953243269582073,227.0
0.9794428646992562,228.0
2.7881319066330508,229.0
0.022801988376024044,230.0
0.2595583585171732,231.0
-0.721239477268733,232.0
0.542061100238077,233.0
2.01319838026855,234.0
-1.4811242508535458,235.0
1.1674131109544899,236.0
-0.051124390373978985,237.0
-1.2778623950813255,238.0
-1.0762558732315486,239.0
-0.7106042032426505,240.0
-1.2935076339390745,241.0
-0.28827879801602985,242.0
-0.8808237389037256,243.0
-1.9724832006985968,244.0
0.7742041531491088,245.0
-2.083557405121739,246.0
-0.6100756222067227,247.0
2.779518974729031,248.0
0.5447012961995293,249.0
0.017315062048341257,250.0
3.1298005310888914,251.0
0.6872609625142013,252.0
1.917156970585393,253.0
0.7729287125334154,254.0
-0.04900884916234345,255.0
1.3378336288960477,256.0
-1.4563047466562529,257.0
1.496192331189105,258.0
-0.24253727303604328,259.0
-1.0979289531359575,260.0
2.2232204691262147,261.0
-6.000580691310144,262.0
1.1836294708122392,263.0
0.13523805441497316,264.0
-0.6994558361485133,265.0
1.5619889416555326,266.0
-3.0681197125302004,267.0
0.6715686270010567,268.0
-1.1861777438840784,269.0
-1.0968704048183726,270.0
-2.380082193176643,271.0
-0.8450065141486338,272.0
-1.212767060766923,273.0
1.4303296452953067,274.0
-1.1626555825459628,275.0
-1.5297415461188348,276.0
-3.9537628417070425,277.0
2.1626575149697005,278.0
-0.056751107661168906,279.0
-2.618843862209931,280.0
0.28017755228205926,281.0
1.4822160875310584,282.0
3.4462336823919717,283.0
-0.8226834771613529,284.0
-0.4610337585880065,285.0
0.4844759206109681,286.0
-2.8324081307811366,287.0
0.658891959371423,288.0
0.9388964779232796,289.0
-2.2772626176767496,290.0
0.19326391835236087,291.0
2.440188624730727,292.0
-1.0832633735992567,293.0
-1.976593750490566,294.0
-0.23836699703744205,295.0
2.0909908762936067,296.0
-1.6498377114761253,297.0
-1.5958452836650707,298.0
0.7277706420989518,299.0
-3.814808612136978,300.0
4.148493222476564,301.0
-4.158659602944326,302.0
0.5533887630728387,303.0
-1.2838867477384386,304.0
4.47013649414824,305.0
-2.0645684660648187,306.0
-3.3599821913758867,307.0
2.02882316159673,308.0
1.2569957602412956,309.0
-2.5709007843868275,310.0
-3.2624535849669742,311.0
3.863307989894596,312.0
1.5278359054396515,313.0
1.8782147838779952,314.0
2.450925003838993,315.0
-1.9743596662341287,316.0
0.456502193277493,317.0
-2.611523229250977,318.0
-0.3501278181495493,319.0
2.1665412874599204,320.0
4.232567938838139,321.0
1.5666576472143954,322.0
-0.2543209702240722,323.0
-0.9981418775068436,324.0
-1.7449470051858136,325.0
2.7971596289766305,326.0
0.18404103458583065,327.0
-2.7914499160569544,328.0
0.8277348456521455,329.0
-0.108270706187587,330.0
0.10651866558076298,331.0
-0.35207951955370514,332.0
-1.4847750403219806,333.0
-0.26205480129797765,334.0
0.5492336958677057,335.0
-1.4041844259145746,336.0
-1.0682643688043008,337.0
1.1085295447401182,338.0
-4.3744356816319625,339.0
-0.7979577111010193,340.0
1.4032069286048454,341.0
3.232049776511939,342.0
-0.6092646980054777,343.0
0.3611046838148883,344.0
0.5643935590788667,345.0
1.6692242126975387,346.0
2.3460462064276038,347.0
4.935998491443285,348.0
0.03977826451187085,349.0
-0.03942947816008093,350.0
2.9085810588771026,351.0
3.332659999478733,352.0
-1.0021951538159537,353.0
-3.9694065836195587,354.0
-3.5283363509112085,355.0
0.2605548747066488,356.0
-2.9445888350497507,357.0
-0.840519876820799,358.0
0.6645015899311265,359.0
-1.9938567404544472,360.0
-0.36466582398872904,361.0
2.153554635335845,362.0
-0.2427212161225305,363.0
2.3344176684367146,364.0
-2.031896424998272,365.0
2.025020203330478,366.0
-2.067442784699049,367.0
1.1404185157001334,368.0
1.4180055220476653,369.0
-0.47508682619567977,370.0
1.661850391997721,371.0
0.7652846739498999,372.0
0.8786723906625757,373.0
-1.3031465549955388,374.0
0.4803472548317359,375.0
-0.5608013767126487,376.0
0.6287393519052011,377.0
-1.0336749164641856,378.0
1.107916837850688,379.0
0.981768535687291,380.0
5.927893418107939,381.0
-0.23356437215768175,382.0
-0.006257807105369526,383.0
0.08667149421427303,384.0
-1.3707293262838889,385.0
-0.7152850501607388,386.0
-1.0899472791540272,387.0
-0.041273489267539515,388.0
-5.087353255409532,389.0
1.194765155823773,390.0
0.85084280755809,391.0
-1.934381233777087,392.0
3.3907041771113247,393.0
1.8393820833180716,394.0
-0.42257990088056196,395.0
-0.5536603387981024,396.0
2.771838397228328,397.0
-0.8294544396603117,398.0
-1.621906915846562,399.0
-2.274445770427656,400.0
-1.0395354306380913,401.0
-2.1107677170751176,402.0
-0.07006817910777037,403.0
-3.152716287381062,404.0
-1.0527232170942051,405.0
-0.988966284706676,406.0
-1.4998636169891286,407.0
-1.1700181462996735,408.0
0.44544610673262325,409.0
0.6283983160622824,410.0
1.3768718750562519,411.0
3.9370329040448575,412.0
-0.9775551305657869,413.0
-5.2882028561134975,414.0
0.4546397065964981,415.0
0.16551527867985716,416.0
-2.2541498477107718,417.0
-0.46395275334186425,418.0
0.8505917124409864,419.0
0.4126803203132147,420.0
-5.240898916805843,421.0
0.836319547153304,422.0
-1.0912936718594466,423.0
3.9543241353985055,424.0
1.290391611221632,425.0
0.5529734616039172,426.0
0.8171604612512728,427.0
-1.4803896732697586,428.0
2.5764830464155573,429.0
-1.3037735030282287,430.0
-4.175846587786515,431.0
2.1537335572975587,432.0
1.1517211363186834,433.0
2.3922000523772726,434.0
-0.8916075963152844,435.0
-3.0018222872553344,436.0
0.6443795935975697,437.0
-2.4284753612037724,438.0
2.67557697963153,439.0
0.22463860924081577,440.0
0.45629268509890364,441.0
-0.25745474661995754,442.0
0.6696665155616645,443.0
-3.214762606813903,444.0
0.22347294900148382,445.0
2.2912743148625982,446.0
1.451539336432764,447.0
0.37579785327776344,448.0
-0.5770360273497344,449.0
0.3833149259395488,450.0
-3.694946490454403,451.0
-1.4725223392894309,452.0
0.2544767691430413,453.0
4.457402577699189,454.0
0.1376885316780498,455.0
-0.03979952085391285,456.0
-0.5625892652530429,457.0
-1.3464094763586938,458.0
0.847990001388432,459.0
4.78049711912272,460.0
-0.46045319358427644,461.0
7.911273841143787,462.0
0.4857587193665778,463.0
-3.1309801826965282,464.0
4.0624543305530505,465.0
2.326712400992797,466.0
-0.7477555970391349,467.0
-0.5072666927467281,468.0
0.9770509152264474,469.0
-0.8695149040128558,470.0
1.8286285563228597,471.0
-0.2843336762023029,472.0
2.79050965811666,473.0
-0.5969494821421472,474.0
3.378463669822478,475.0
0.8901171518175103,476.0
2.23965884426139,477.0
-0.5778540203696219,478.0
1.3314200247658674,479.0
1.886211684405781,480.0
1.982726510662221,481.0
-1.1120042335647529,482.0
-0.900996249622502,483.0
-0.9654786928530474,484.0
0.09647541098643284,485.0
1.6993153494858153,486.0
-0.394522910151875,487.0
0.10930444654316118,488.0
-0.47122050294251927,489.0
-2.5853462272124554,490.0
-1.5333910571087583,491.0
1.9077308600312597,492.0
0.20041231972669815,493.0
5.649916617555356,494.0
-1.4582703924329656,495.0
0.4994933361148626,496.0
1.8106333082171553,497.0
-0.2607300347856224,498.0
-0.12927485952215412,499.0
2.417691442460453,500.0
0.7273270726433703,501.0
-2.93612736928272,502.0
0.3920475441396649,503.0
0.34230939697017304,504.0
0.5847457297673326,505.0
2.707153594923276,506.0
1.7953510554473586,507.0
1.5949708767492257,508.0
0.3900050030132486,509.0
-1.4773915704157805,510.0
0.7512389743950271,511.0
